"Salutation","First Name","Contact Id","Last Name","Office Phone","Organization Name","Mobile","Lead Source","Home Phone","Title","Other Phone","Department","Fax","Email","Birthdate","Assistant","Reports To Contact","Assistant Phone","Secondary Email","Email Opt Out","Do Not Call","Reference","Assigned To","Created Time","Notify Owner","Modified Time","Portal User","Support Start Date","Support End Date","Mailing Street","Other Street","Mailing PO Box","Other PO Box","Mailing City","Other City","Mailing State","Other State","Mailing Postal Code","Other Postal Code","Mailing Country","Other Country","Description","Contact Image"
"--None--","","CON1","sdet","","","","--None--","","","","","","","","","","","","0","0","0","admin","2022-03-22 12:03:48","0","2022-03-22 12:03:48","0","2022-03-22","2023-03-22","","","","","","","","","","","","","",""
"--None--","","CON2","lastname","","","","--None--","","","","","","","","","","","","0","0","0","admin","2022-03-22 18:43:08","0","2022-03-22 18:43:08","0","2022-03-22","2023-03-22","","","","","","","","","","","","","",""
"--None--","","CON3","lastname","","","","--None--","","","","","","","","","","","","0","0","0","admin","2022-03-22 18:43:57","0","2022-03-22 18:43:57","0","2022-03-22","2023-03-22","","","","","","","","","","","","","",""
"--None--","","CON4","lastname","","","","--None--","","","","","","","","","","","","0","0","0","admin","2022-03-22 18:45:10","0","2022-03-22 18:45:10","0","2022-03-22","2023-03-22","","","","","","","","","","","","","",""
"--None--","","CON5","lastname","","","","--None--","","","","","","","","","","","","0","0","0","admin","2022-03-22 18:45:56","0","2022-03-22 18:45:56","0","2022-03-22","2023-03-22","","","","","","","","","","","","","",""
"--None--","","CON6","lastname","","","","--None--","","","","","","","","","","","","0","0","0","admin","2022-03-22 18:46:59","0","2022-03-22 18:46:59","0","2022-03-22","2023-03-22","","","","","","","","","","","","","",""
"--None--","","CON7","jldfjlsad","","","","--None--","","","","","","","","","","","","0","0","0","admin","2022-03-23 05:35:04","0","2022-03-23 05:35:04","0","2022-03-23","2023-03-23","","","","","","","","","","","","","",""
"--None--","","CON8","asd","","","","--None--","","","","","","","","","","","","0","0","0","admin","2022-03-23 12:10:50","0","2022-03-23 12:10:50","0","2022-03-23","2023-03-23","","","","","","","","","","","","","",""
"--None--","","CON9","sdet","","","","--None--","","","","","","","","","","","","0","0","0","admin","2022-03-24 06:31:10","0","2022-03-24 06:31:10","0","2022-03-24","2023-03-24","","","","","","","","","","","","","",""
"--None--","","CON10","adasd","","","","--None--","","","","","","","","","","","","0","0","0","admin","2022-03-24 07:09:27","0","2022-03-24 07:09:27","0","2022-03-24","2023-03-24","","","","","","","","","","","","","",""
"--None--","","CON11","sdet","","","","--None--","","","","","","","","","","","","0","0","0","admin","2022-03-24 07:14:14","0","2022-03-24 07:14:14","0","2022-03-24","2023-03-24","","","","","","","","","","","","","",""
"--None--","","CON12","sdet","","","","--None--","","","","","","","","","","","","0","0","0","admin","2022-03-24 07:15:25","0","2022-03-24 07:15:25","0","2022-03-24","2023-03-24","","","","","","","","","","","","","",""
"--None--","","CON13","sdet","","","","--None--","","","","","","","","","","","","0","0","0","admin","2022-03-24 07:16:47","0","2022-03-24 07:16:47","0","2022-03-24","2023-03-24","","","","","","","","","","","","","",""
"--None--","","CON14","asssdffffggggg","","sdet","","--None--","","","","","","","","","","","","0","0","0","admin","2022-03-25 11:18:57","0","2022-03-25 11:18:57","0","2022-03-25","2023-03-25","","","","","","","","","","","","","",""
"--None--","","CON15","Gowda","","testyantra","","--None--","","","","","","","","","","","","0","0","0","admin","2022-03-25 11:23:39","0","2022-03-25 11:23:39","0","2022-03-25","2023-03-25","","","","","","","","","","","","","",""
"--None--","","CON16","qwe","","sdet","","--None--","","","","","","","","","","","","0","0","0","admin","2022-03-25 12:11:51","0","2022-03-25 12:11:51","0","2022-03-25","2023-03-25","","","","","","","","","","","","","",""
"--None--","","CON17","abc","","Sdet2","","--None--","","","","","","","","","","","","0","0","0","admin","2022-03-25 12:19:57","0","2022-03-25 12:19:57","0","2022-03-25","2023-03-25","","","","","","","","","","","","","",""
"--None--","","CON18","abc","","Sdet10","","--None--","","","","","","","","","","","","0","0","0","admin","2022-03-25 12:24:21","0","2022-03-25 12:24:21","0","2022-03-25","2023-03-25","","","","","","","","","","","","","",""
"--None--","","CON19","abc","","Sdet12","","--None--","","","","","","","","","","","","0","0","0","admin","2022-03-25 12:28:48","0","2022-03-25 12:28:48","0","2022-03-25","2023-03-25","","","","","","","","","","","","","",""
"--None--","","CON20","abc","","Sdet13","","--None--","","","","","","","","","","","","0","0","0","admin","2022-03-25 12:30:04","0","2022-03-25 12:30:04","0","2022-03-25","2023-03-25","","","","","","","","","","","","","",""
"--None--","","CON21","ghghghg","","","","--None--","","","","","","","","","","","","0","0","0","admin","2022-04-01 07:35:00","0","2022-04-01 07:35:00","0","2022-04-01","2023-04-01","","","","","","","","","","","","","",""
"--None--","","CON22","mohan","","TestYantra_12","","--None--","","","","","","","","","","","","0","0","0","admin","2022-04-01 08:05:55","0","2022-04-01 08:05:55","0","2022-04-01","2023-04-01","","","","","","","","","","","","","",""
"--None--","","CON23","mohan","","","","--None--","","","","","","","","","","","","0","0","0","admin","2022-04-06 11:39:26","0","2022-04-06 11:39:26","0","2022-04-06","2023-04-06","","","","","","","","","","","","","",""
"--None--","","CON24","mohan","","TestYantra_224","","--None--","","","","","","","","","","","","0","0","0","admin","2022-04-06 11:40:02","0","2022-04-06 11:40:02","0","2022-04-06","2023-04-06","","","","","","","","","","","","","",""
"--None--","","CON25","mohan","","","","--None--","","","","","","","","","","","","0","0","0","admin","2022-04-06 12:04:51","0","2022-04-06 12:04:51","0","2022-04-06","2023-04-06","","","","","","","","","","","","","",""
"--None--","","CON26","mohan","","","","--None--","","","","","","","","","","","","0","0","0","admin","2022-04-06 12:04:51","0","2022-04-06 12:04:51","0","2022-04-06","2023-04-06","","","","","","","","","","","","","",""
"--None--","","CON27","mohan","","","","--None--","","","","","","","","","","","","0","0","0","admin","2022-04-07 06:52:53","0","2022-04-07 06:52:53","0","2022-04-07","2023-04-07","","","","","","","","","","","","","",""
"--None--","","CON28","mohan","","","","--None--","","","","","","","","","","","","0","0","0","admin","2022-04-07 09:53:21","0","2022-04-07 09:53:21","0","2022-04-07","2023-04-07","","","","","","","","","","","","","",""
"--None--","","CON29","mohan","","","","--None--","","","","","","","","","","","","0","0","0","admin","2022-04-07 09:58:35","0","2022-04-07 09:58:35","0","2022-04-07","2023-04-07","","","","","","","","","","","","","",""
"--None--","","CON30","mohan","","","","--None--","","","","","","","","","","","","0","0","0","admin","2022-04-11 07:22:01","0","2022-04-11 07:22:01","0","2022-04-11","2023-04-11","","","","","","","","","","","","","",""
"--None--","","CON31","mohan","","","","--None--","","","","","","","","","","","","0","0","0","admin","2022-04-11 09:45:28","0","2022-04-11 09:45:28","0","2022-04-11","2023-04-11","","","","","","","","","","","","","",""
"--None--","","CON32","mohan","","","","--None--","","","","","","","","","","","","0","0","0","admin","2022-04-11 09:47:35","0","2022-04-11 09:47:35","0","2022-04-11","2023-04-11","","","","","","","","","","","","","",""
"--None--","","CON33","mohan","","","","--None--","","","","","","","","","","","","0","0","0","admin","2022-04-11 09:53:12","0","2022-04-11 09:53:12","0","2022-04-11","2023-04-11","","","","","","","","","","","","","",""
"--None--","","CON34","mohan","","TestYantra_155","","--None--","","","","","","","","","","","","0","0","0","admin","2022-04-11 09:54:44","0","2022-04-11 09:54:44","0","2022-04-11","2023-04-11","","","","","","","","","","","","","",""
"--None--","","CON35","mohan","","","","--None--","","","","","","","","","","","","0","0","0","admin","2022-04-11 09:56:53","0","2022-04-11 09:56:53","0","2022-04-11","2023-04-11","","","","","","","","","","","","","",""
"--None--","","CON36","mohan","","","","--None--","","","","","","","","","","","","0","0","0","admin","2022-04-11 10:03:06","0","2022-04-11 10:03:06","0","2022-04-11","2023-04-11","","","","","","","","","","","","","",""
"--None--","","CON37","mohan","","","","--None--","","","","","","","","","","","","0","0","0","admin","2022-04-11 11:47:28","0","2022-04-11 11:47:28","0","2022-04-11","2023-04-11","","","","","","","","","","","","","",""
"--None--","","CON38","mohan","","","","--None--","","","","","","","","","","","","0","0","0","admin","2022-04-11 12:12:39","0","2022-04-11 12:12:39","0","2022-04-11","2023-04-11","","","","","","","","","","","","","",""
"--None--","","CON39","mohan","","","","--None--","","","","","","","","","","","","0","0","0","admin","2022-04-12 07:52:22","0","2022-04-12 07:52:22","0","2022-04-12","2023-04-12","","","","","","","","","","","","","",""
"--None--","","CON40","mohan","","","","--None--","","","","","","","","","","","","0","0","0","admin","2022-04-12 07:58:00","0","2022-04-12 07:58:00","0","2022-04-12","2023-04-12","","","","","","","","","","","","","",""
"--None--","","CON41","mohan","","","","--None--","","","","","","","","","","","","0","0","0","admin","2022-04-12 09:44:18","0","2022-04-12 09:44:18","0","2022-04-12","2023-04-12","","","","","","","","","","","","","",""
"--None--","","CON42","mohan","","","","--None--","","","","","","","","","","","","0","0","0","admin","2022-04-12 09:51:38","0","2022-04-12 09:51:38","0","2022-04-12","2023-04-12","","","","","","","","","","","","","",""
"--None--","","CON43","mohan","","TestYantra_878","","--None--","","","","","","","","","","","","0","0","0","admin","2022-04-12 09:52:41","0","2022-04-12 09:52:41","0","2022-04-12","2023-04-12","","","","","","","","","","","","","",""
"--None--","","CON44","mohan","","","","--None--","","","","","","","","","","","","0","0","0","admin","2022-04-12 09:55:32","0","2022-04-12 09:55:32","0","2022-04-12","2023-04-12","","","","","","","","","","","","","",""
"--None--","","CON45","mohan","","","","--None--","","","","","","","","","","","","0","0","0","admin","2022-04-12 10:13:00","0","2022-04-12 10:13:00","0","2022-04-12","2023-04-12","","","","","","","","","","","","","",""
"--None--","","CON46","mohan","","TestYantra_352","","--None--","","","","","","","","","","","","0","0","0","admin","2022-04-12 10:13:52","0","2022-04-12 10:13:52","0","2022-04-12","2023-04-12","","","","","","","","","","","","","",""
"--None--","","CON47","mohan","","","","--None--","","","","","","","","","","","","0","0","0","admin","2022-04-12 11:15:34","0","2022-04-12 11:15:34","0","2022-04-12","2023-04-12","","","","","","","","","","","","","",""
"--None--","","CON48","mohan","","","","--None--","","","","","","","","","","","","0","0","0","admin","2022-04-12 11:21:03","0","2022-04-12 11:21:03","0","2022-04-12","2023-04-12","","","","","","","","","","","","","",""
"--None--","","CON49","mohan","","","","--None--","","","","","","","","","","","","0","0","0","admin","2022-04-14 13:15:38","0","2022-04-14 13:15:38","0","2022-04-14","2023-04-14","","","","","","","","","","","","","",""
"--None--","","CON50","mohan","","","","--None--","","","","","","","","","","","","0","0","0","admin","2022-04-14 13:18:16","0","2022-04-14 13:18:16","0","2022-04-14","2023-04-14","","","","","","","","","","","","","",""
"--None--","","CON51","mohan","","","","--None--","","","","","","","","","","","","0","0","0","admin","2022-04-14 13:19:28","0","2022-04-14 13:19:28","0","2022-04-14","2023-04-14","","","","","","","","","","","","","",""
"--None--","","CON52","sdet","","","","--None--","","","","","","","","","","","","0","0","0","admin","2022-04-26 11:56:36","0","2022-04-26 11:56:36","0","2022-04-26","2023-04-26","","","","","","","","","","","","","",""
"--None--","","CON53","sdet","","","","--None--","","","","","","","","","","","","0","0","0","admin","2022-04-27 05:27:36","0","2022-04-27 05:27:36","0","2022-04-27","2023-04-27","","","","","","","","","","","","","",""
"--None--","sdet34","CON54","L1","","","","--None--","","","","","","","","","","","","0","0","0","admin","2022-04-28 09:34:36","0","2022-04-28 09:34:36","0","2022-04-28","2023-04-28","","","","","","","","","","","","","",""
"--None--","sdet34","CON55","L1","","","","--None--","","","","","","","","","","","","0","0","0","admin","2022-04-28 09:42:17","0","2022-04-28 09:42:17","0","2022-04-28","2023-04-28","","","","","","","","","","","","","",""
"--None--","sdet34","CON56","L1","","","","--None--","","","","","","","","","","","","0","0","0","admin","2022-04-28 10:55:56","0","2022-04-28 10:55:56","0","2022-04-28","2023-04-28","","","","","","","","","","","","","",""
"--None--","sdet34","CON57","L1","","","","--None--","","","","","","","","","","","","0","0","0","admin","2022-04-28 10:58:01","0","2022-04-28 10:58:01","0","2022-04-28","2023-04-28","","","","","","","","","","","","","",""
"--None--","sdet34","CON58","L1","","","","--None--","","","","","","","","","","","","0","0","0","admin","2022-04-28 11:05:11","0","2022-04-28 11:05:11","0","2022-04-28","2023-04-28","","","","","","","","","","","","","",""
"--None--","sdet34","CON59","L1","","","","--None--","","","","","","","","","","","","0","0","0","admin","2022-04-28 11:05:55","0","2022-04-28 11:05:55","0","2022-04-28","2023-04-28","","","","","","","","","","","","","",""
"--None--","sdet34","CON60","L1","","","","--None--","","","","","","","","","","","","0","0","0","admin","2022-04-28 11:09:40","0","2022-04-28 11:09:40","0","2022-04-28","2023-04-28","","","","","","","","","","","","","",""
"--None--","sdet34","CON61","L1","","","","--None--","","","","","","","","","","","","0","0","0","admin","2022-04-28 11:11:17","0","2022-04-28 11:11:17","0","2022-04-28","2023-04-28","","","","","","","","","","","","","",""
"--None--","sdet34","CON62","L1","","","","--None--","","","","","","","","","","","","0","0","0","admin","2022-04-29 06:15:36","0","2022-04-29 06:15:36","0","2022-04-29","2023-04-29","","","","","","","","","","","","","",""
"--None--","sdet34","CON63","L1","","","","--None--","","","","","","","","","","","","0","0","0","admin","2022-04-29 06:17:33","0","2022-04-29 06:17:33","0","2022-04-29","2023-04-29","","","","","","","","","","","","","",""
"--None--","","CON64","asd","","sdet_123","","--None--","","","","","","","","","","","","0","0","0","admin","2022-05-02 06:37:58","0","2022-05-02 06:37:58","0","2022-05-02","2023-05-02","","","","","","","","","","","","","",""
"--None--","","CON65","SDET_836","","sdet","","--None--","","","","","","","","","","","","0","0","0","admin","2022-05-02 06:44:35","0","2022-05-02 06:44:35","0","2022-05-02","2023-05-02","","","","","","","","","","","","","",""
"--None--","","CON66","SDET_695","","TYSS_695","","--None--","","","","","","","","","","","","0","0","0","admin","2022-05-02 06:48:53","0","2022-05-02 06:48:53","0","2022-05-02","2023-05-02","","","","","","","","","","","","","",""
"--None--","","CON67","SDET_936","","TYSS_936","","--None--","","","","","","","","","","","","0","0","0","admin","2022-05-02 06:57:48","0","2022-05-02 06:57:48","0","2022-05-02","2023-05-02","","","","","","","","","","","","","",""
"--None--","sdet34","CON68","L1","","","","--None--","","","","","","","","","","","","0","0","0","admin","2022-05-02 07:21:15","0","2022-05-02 07:21:15","0","2022-05-02","2023-05-02","","","","","","","","","","","","","",""
"Mr.","","CON69","asdfsf","","","","--None--","","","","","","","","","","","","0","0","0","admin","2022-05-02 10:15:33","0","2022-05-02 10:30:12","0","2022-05-02","2023-05-02","","","","","","","","","","","","","",""
"--None--","","CON70","dsad","","","","--None--","","","","","","","","","","","","0","0","0","admin","2022-05-02 10:52:40","0","2022-05-02 10:52:40","0","2022-05-02","2023-05-02","","","","","","","","","","","","","",""
"--None--","","CON71","SDET_899","","","","--None--","","","","","","","","","","","","0","0","0","admin","2022-05-02 10:55:37","0","2022-05-02 10:55:37","0","2022-05-02","2023-05-02","","","","","","","","","","","","","",""
"--None--","","CON72","SDET_219","","","","--None--","","","","","","","","","","","","0","0","0","admin","2022-05-06 06:02:28","0","2022-05-06 06:02:28","0","2022-05-06","2023-05-06","","","","","","","","","","","","","",""
"--None--","","CON73","SDET_176","","","","--None--","","","","","","","","","","","","0","0","0","admin","2022-05-06 06:06:30","0","2022-05-06 06:06:30","0","2022-05-06","2023-05-06","","","","","","","","","","","","","",""
"--None--","","CON74","SDET_965","","","","--None--","","","","","","","","","","","","0","0","0","admin","2022-05-16 07:00:43","0","2022-05-16 07:00:43","0","2022-05-16","2023-05-16","","","","","","","","","","","","","",""
"--None--","","CON75","SDET_266","","TYSS_266","","--None--","","","","","","","","","","","","0","0","0","admin","2022-05-16 13:08:43","0","2022-05-16 13:08:43","0","2022-05-16","2023-05-16","","","","","","","","","","","","","",""
"--None--","","CON76","cucumber","","","","--None--","","","","","","","","","","","","0","0","0","admin","2022-05-16 16:50:34","0","2022-05-16 16:50:34","0","2022-05-16","2023-05-16","","","","","","","","","","","","","",""
"--None--","","CON77","SDET_146","","","","--None--","","","","","","","","","","","","0","0","0","admin","2022-05-18 05:51:56","0","2022-05-18 05:51:56","0","2022-05-18","2023-05-18","","","","","","","","","","","","","",""
"--None--","","CON78","SDET_820","","","","--None--","","","","","","","","","","","","0","0","0","admin","2022-05-18 05:53:27","0","2022-05-18 05:53:27","0","2022-05-18","2023-05-18","","","","","","","","","","","","","",""
"--None--","","CON79","SDET_392","","","","--None--","","","","","","","","","","","","0","0","0","admin","2022-05-19 06:09:54","0","2022-05-19 06:09:54","0","2022-05-19","2023-05-19","","","","","","","","","","","","","",""
"--None--","","CON80","SDET_390","","","","--None--","","","","","","","","","","","","0","0","0","admin","2022-05-19 06:14:01","0","2022-05-19 06:14:01","0","2022-05-19","2023-05-19","","","","","","","","","","","","","",""
"--None--","","CON81","SDET_842","","","","--None--","","","","","","","","","","","","0","0","0","admin","2022-05-19 07:16:51","0","2022-05-19 07:16:51","0","2022-05-19","2023-05-19","","","","","","","","","","","","","",""
"--None--","","CON82","SDET_703","","TYSS_703","","--None--","","","","","","","","","","","","0","0","0","admin","2022-05-19 07:16:56","0","2022-05-19 07:16:56","0","2022-05-19","2023-05-19","","","","","","","","","","","","","",""
"--None--","","CON83","adasd","","","","--None--","","","","","","","","","","","","0","0","0","admin","2022-05-19 07:19:54","0","2022-05-19 07:19:54","0","2022-05-19","2023-05-19","","","","","","","","","","","","","",""
"--None--","","CON84","SDET_87","","TYSS_87","","--None--","","","","","","","","","","","","0","0","0","admin","2022-05-19 07:26:49","0","2022-05-19 07:26:49","0","2022-05-19","2023-05-19","","","","","","","","","","","","","",""
"--None--","","CON85","SDET_253","","","","--None--","","","","","","","","","","","","0","0","0","admin","2022-05-19 07:27:35","0","2022-05-19 07:27:35","0","2022-05-19","2023-05-19","","","","","","","","","","","","","",""
"--None--","","CON86","SDET_199","","TYSS_199","","--None--","","","","","","","","","","","","0","0","0","admin","2022-05-19 07:30:19","0","2022-05-19 07:30:19","0","2022-05-19","2023-05-19","","","","","","","","","","","","","",""
"--None--","","CON87","SDET_90","","","","--None--","","","","","","","","","","","","0","0","0","admin","2022-05-19 07:30:53","0","2022-05-19 07:30:53","0","2022-05-19","2023-05-19","","","","","","","","","","","","","",""
"--None--","","CON88","SDET_386","","TYSS_386","","--None--","","","","","","","","","","","","0","0","0","admin","2022-05-19 07:38:17","0","2022-05-19 07:38:17","0","2022-05-19","2023-05-19","","","","","","","","","","","","","",""
"--None--","","CON89","SDET_268","","","","--None--","","","","","","","","","","","","0","0","0","admin","2022-05-19 07:38:54","0","2022-05-19 07:38:54","0","2022-05-19","2023-05-19","","","","","","","","","","","","","",""
"--None--","","CON90","SDET_260","","TYSS_260","","--None--","","","","","","","","","","","","0","0","0","admin","2022-05-19 07:48:30","0","2022-05-19 07:48:30","0","2022-05-19","2023-05-19","","","","","","","","","","","","","",""
"--None--","","CON91","SDET_383","","TYSS_383","","--None--","","","","","","","","","","","","0","0","0","admin","2022-05-19 07:56:32","0","2022-05-19 07:56:32","0","2022-05-19","2023-05-19","","","","","","","","","","","","","",""
"--None--","","CON92","SDET_868","","","","--None--","","","","","","","","","","","","0","0","0","admin","2022-05-19 07:56:45","0","2022-05-19 07:56:45","0","2022-05-19","2023-05-19","","","","","","","","","","","","","",""
"--None--","","CON93","SDET_114","","TYSS_114","","--None--","","","","","","","","","","","","0","0","0","admin","2022-05-19 08:05:39","0","2022-05-19 08:05:39","0","2022-05-19","2023-05-19","","","","","","","","","","","","","",""
"--None--","","CON94","SDET_869","","","","--None--","","","","","","","","","","","","0","0","0","admin","2022-05-19 08:05:53","0","2022-05-19 08:05:53","0","2022-05-19","2023-05-19","","","","","","","","","","","","","",""
"--None--","","CON95","SDET_899","","","","--None--","","","","","","","","","","","","0","0","0","admin","2022-05-20 03:45:15","0","2022-05-20 03:45:15","0","2022-05-20","2023-05-20","","","","","","","","","","","","","",""
"--None--","","CON96","SDET_388","","TYSS_388","","--None--","","","","","","","","","","","","0","0","0","admin","2022-05-20 03:45:43","0","2022-05-20 03:45:43","0","2022-05-20","2023-05-20","","","","","","","","","","","","","",""
"--None--","","CON97","SDET_599","","","","--None--","","","","","","","","","","","","0","0","0","admin","2022-05-20 05:07:11","0","2022-05-20 05:07:11","0","2022-05-20","2023-05-20","","","","","","","","","","","","","",""
"--None--","","CON98","SDET_521","","TYSS_521","","--None--","","","","","","","","","","","","0","0","0","admin","2022-05-20 05:13:35","0","2022-05-20 05:13:35","0","2022-05-20","2023-05-20","","","","","","","","","","","","","",""
"--None--","","CON99","SDET_862","","","","--None--","","","","","","","","","","","","0","0","0","admin","2022-05-20 05:13:40","0","2022-05-20 05:13:40","0","2022-05-20","2023-05-20","","","","","","","","","","","","","",""
"--None--","","CON100","SDET_931","","","","--None--","","","","","","","","","","","","0","0","0","admin","2022-05-23 03:16:11","0","2022-05-23 03:16:11","0","2022-05-23","2023-05-23","","","","","","","","","","","","","",""
"--None--","","CON101","SDET_733","","","","--None--","","","","","","","","","","","","0","0","0","admin","2022-05-23 03:25:19","0","2022-05-23 03:25:19","0","2022-05-23","2023-05-23","","","","","","","","","","","","","",""
"--None--","","CON102","SDET_635","","","","--None--","","","","","","","","","","","","0","0","0","admin","2022-05-23 13:03:36","0","2022-05-23 13:03:36","0","2022-05-23","2023-05-23","","","","","","","","","","","","","",""
"--None--","","CON103","SDET_882","","","","--None--","","","","","","","","","","","","0","0","0","admin","2022-05-23 14:25:00","0","2022-05-23 14:25:00","0","2022-05-23","2023-05-23","","","","","","","","","","","","","",""
"--None--","","CON104","SDET_644","","","","--None--","","","","","","","","","","","","0","0","0","admin","2022-05-24 06:36:09","0","2022-05-24 06:36:09","0","2022-05-24","2023-05-24","","","","","","","","","","","","","",""
"--None--","","CON105","SDET_613","","","","--None--","","","","","","","","","","","","0","0","0","admin","2022-05-25 03:25:54","0","2022-05-25 03:25:54","0","2022-05-25","2023-05-25","","","","","","","","","","","","","",""
"--None--","","CON106","SDET_486","","","","--None--","","","","","","","","","","","","0","0","0","admin","2022-05-25 03:26:58","0","2022-05-25 03:26:58","0","2022-05-25","2023-05-25","","","","","","","","","","","","","",""
"--None--","","CON107","SDET_502","","","","--None--","","","","","","","","","","","","0","0","0","admin","2022-05-25 03:32:25","0","2022-05-25 03:32:25","0","2022-05-25","2023-05-25","","","","","","","","","","","","","",""
"--None--","","CON108","SDET_550","","","","--None--","","","","","","","","","","","","0","0","0","admin","2022-05-25 03:33:27","0","2022-05-25 03:33:27","0","2022-05-25","2023-05-25","","","","","","","","","","","","","",""
"--None--","","CON109","SDET_652","","","","--None--","","","","","","","","","","","","0","0","0","admin","2022-05-25 03:38:23","0","2022-05-25 03:38:23","0","2022-05-25","2023-05-25","","","","","","","","","","","","","",""
"--None--","","CON110","SDET_551","","","","--None--","","","","","","","","","","","","0","0","0","admin","2022-05-25 03:40:49","0","2022-05-25 03:40:49","0","2022-05-25","2023-05-25","","","","","","","","","","","","","",""
"--None--","","CON111","SDET_168","","","","--None--","","","","","","","","","","","","0","0","0","admin","2022-05-25 03:42:18","0","2022-05-25 03:42:18","0","2022-05-25","2023-05-25","","","","","","","","","","","","","",""
"--None--","","CON112","SDET_150","","","","--None--","","","","","","","","","","","","0","0","0","admin","2022-05-25 03:44:21","0","2022-05-25 03:44:21","0","2022-05-25","2023-05-25","","","","","","","","","","","","","",""
"--None--","","CON113","SDET_451","","","","--None--","","","","","","","","","","","","0","0","0","admin","2022-05-25 03:46:08","0","2022-05-25 03:46:08","0","2022-05-25","2023-05-25","","","","","","","","","","","","","",""
"--None--","","CON114","SDET_766","","","","--None--","","","","","","","","","","","","0","0","0","admin","2022-05-25 03:49:47","0","2022-05-25 03:49:47","0","2022-05-25","2023-05-25","","","","","","","","","","","","","",""
"--None--","","CON115","SDET_253","","","","--None--","","","","","","","","","","","","0","0","0","admin","2022-05-26 07:44:05","0","2022-05-26 07:44:05","0","2022-05-26","2023-05-26","","","","","","","","","","","","","",""
"--None--","","CON116","SDET_926","","","","--None--","","","","","","","","","","","","0","0","0","admin","2022-05-26 07:48:12","0","2022-05-26 07:48:12","0","2022-05-26","2023-05-26","","","","","","","","","","","","","",""
"--None--","","CON117","SDET_146","","","","--None--","","","","","","","","","","","","0","0","0","admin","2022-05-26 07:58:13","0","2022-05-26 07:58:13","0","2022-05-26","2023-05-26","","","","","","","","","","","","","",""
"--None--","","CON118","SDET_877","","","","--None--","","","","","","","","","","","","0","0","0","admin","2022-05-26 09:50:01","0","2022-05-26 09:50:01","0","2022-05-26","2023-05-26","","","","","","","","","","","","","",""
"--None--","","CON119","SDET_896","","","","--None--","","","","","","","","","","","","0","0","0","admin","2022-05-26 10:05:33","0","2022-05-26 10:05:33","0","2022-05-26","2023-05-26","","","","","","","","","","","","","",""
"--None--","","CON120","SDET_856","","","","--None--","","","","","","","","","","","","0","0","0","admin","2022-05-26 10:18:08","0","2022-05-26 10:18:08","0","2022-05-26","2023-05-26","","","","","","","","","","","","","",""
"--None--","","CON121","SDET_693","","","","--None--","","","","","","","","","","","","0","0","0","admin","2022-05-26 10:21:53","0","2022-05-26 10:21:53","0","2022-05-26","2023-05-26","","","","","","","","","","","","","",""
"--None--","","CON122","SDET_987","","","","--None--","","","","","","","","","","","","0","0","0","admin","2022-05-26 11:26:09","0","2022-05-26 11:26:09","0","2022-05-26","2023-05-26","","","","","","","","","","","","","",""
"--None--","","CON123","SDET_987","","","","--None--","","","","","","","","","","","","0","0","0","admin","2022-05-26 11:47:08","0","2022-05-26 11:47:08","0","2022-05-26","2023-05-26","","","","","","","","","","","","","",""
"--None--","","CON124","SDET_453","","","","--None--","","","","","","","","","","","","0","0","0","admin","2022-05-26 11:53:06","0","2022-05-26 11:53:06","0","2022-05-26","2023-05-26","","","","","","","","","","","","","",""
